,Lugar,Latitud,Longitud,Lugar ID0,Lugar ID1,Lugar ID2,Lugar ID3
0,1000001000,19.4411695,-99.1892181,"Lago Alberto 156, Granada, 11520 Ciudad de México, CDMX, Mexico","Granada, Ciudad de México, CDMX, Mexico","Mexico City, CDMX, Mexico","Granada, 11520 Ciudad de México, CDMX, Mexico"
1,1000002000,20.6630692,-103.3766809,"Av Mariano Otero 1, Del Fresno, 44909 Guadalajara, Jal., Mexico","Del Fresno, Guadalajara, Jal., Mexico","Guadalajara, Jalisco, Mexico","Del Fresno, 44909 Guadalajara, Jal., Mexico"
2,1000003000,18.0753235,-96.13517709999991,"Tuxtepec - Oaxaca 710, Santa Cruz, 68330 San Juan Bautista Tuxtepec, Oax., Mexico","Santa Cruz, San Juan Bautista Tuxtepec, Oax., Mexico","San Juan Bautista Tuxtepec, Oaxaca, Mexico","Los Cobos, 68330 San Juan Bautista Tuxtepec, Oax., Mexico"
3,1000004000,23.2037866,-106.41359609999999,"Av Gabriel Leyva 1620, Centro, 82000 Mazatlán, Sin., Mexico","Centro, Mazatlán, Sin., Mexico","Mazatlan, Sinaloa, Mexico","Cerro del Vigía, 82000 Mazatlán, Sin., Mexico"
4,1000005000,25.545078600000004,-103.4087835,"Calle Prof. Julio Rodríguez Sánchez 404, Nuevo Torreón, 27060 Torreón, Coah., Mexico","Nuevo Torreón, Torreón, Coah., Mexico","Torreón, Coahuila, Mexico","Nuevo Torreón, 27060 Torreón, Coah., Mexico"
5,1000008000,22.9696639,-102.7073834,"Blvd. Antonio Fernández Rodriguez 115, Grupo Modelo, 98500 Víctor Rosales, Zac., Mexico","Calera, Zac., Mexico","Zacatecas, Mexico",Mexico
6,1000009000,20.9786891,-89.83932659999991,"Mérida - Tetiz, Yucatán, Mexico","Hunucmá, Yucatan, Mexico","Yucatan, Mexico",Mexico
7,2040104003,18.656679,-91.81691,"Av Periferica Nte LB, San Agustín de Palmar, 24110 Cd del Carmen, Camp., Mexico","San Agustín de Palmar, 24110 Cd del Carmen, Camp., Mexico","Ciudad del Carmen, Campeche, Mexico","Santa Rosalía, 24197 Cd del Carmen, Camp., Mexico"
8,2070603006,24.089845,-104.57988399999999,"Blvrd Francisco Villa SN-S MOTEL DEL NORTE, Cd Industrial, 34208 Durango, Dgo., Mexico","Col San Juan, Dgo., Mexico","Villa Blanca, 34208 Durango, Dgo., Mexico","Durango, Mexico"
9,2090102000,19.510226,-99.178922,"Av. de las Granjas 377, Patios de Ffccinfraestructura, Tlalnepantla, Méx., Mexico","San Pablo Xalpa, 54090 Méx., Mexico","Tlalnepantla de Baz, State of Mexico, Mexico","Rosario 1 Sector III C, 54090 Tlalnepantla, Méx., Mexico"
10,2090102001,19.365254,-99.16391999999999,"Av. Popocatépetl 488, Xoco, 03330 Ciudad de México, CDMX, Mexico","Parabus Popocatepetl- San Felipe, Av. Popocatépetl, Xoco, 03330 Ciudad de México, CDMX, Mexico","Sta Cruz Atoyac, Ciudad de México, CDMX, Mexico","Mexico City, CDMX, Mexico"
11,2090102002,19.433965,-99.106689,"Av. Ferrocarril 9, Moctezuma 2da Secc, 15530 Ciudad de México, CDMX, Mexico","Moctezuma 2da Secc, Ciudad de México, CDMX, Mexico","Mexico City, CDMX, Mexico","Moctezuma 2da Secc, 15530 Ciudad de México, CDMX, Mexico"
12,2090102004,19.41852,-99.153319,"Calle Dr Erazo 178, Doctores, 06720 Ciudad de México, CDMX, Mexico","Doctores, 06720 Mexico City, CDMX, Mexico","Mexico City, CDMX, Mexico","Doctores, 06720 Mexico City, CDMX, Mexico"
13,2090102005,19.399746,-99.326264,"Pj. Trejo 257, Ciudad de México, Méx., Mexico","Paraje el Mirador, Méx., Mexico","Huixquilucan, Méx., Mexico","Mexico City Metropolitan Area, Mexico"
14,2090102007,19.268065,-99.12389300000001,"Av. Guadalupe I. Ramírez 601, Las Peritas, 16010 Ciudad de México, CDMX, Mexico","Las Peritas, Ciudad de México, CDMX, Mexico","Mexico City, CDMX, Mexico","Las Peritas, 16010 Ciudad de México, CDMX, Mexico"
15,2110102002,20.0300006866455,-100.730003356933,"Erasmo López V. 12, Benjamin Mendez Aguilar, 38600 Acámbaro, Gto., Mexico","Rancho Grande, 38620 Acámbaro, Gto., Mexico","Acámbaro, Guanajuato, Mexico","Rancho Grande, 38620 Acámbaro, Gto., Mexico"
16,2110102005,20.608348,-101.249509,"Ent. Irapuato - Mazda 116, Irapuato, Gto., Mexico","Salamanca, Gto., Mexico","Guanajuato, Mexico",Mexico
17,2110102019,20.669857999999998,-100.43276999999999,"Paseo de la República & México 57, Querétaro, Mexico","México 57 & Paseo de la República, Querétaro, Mexico","Santiago de Querétaro, Qro., Mexico","Querétaro, Mexico"
18,2110102020,20.3847,-100.00617,"Av. Lic. Benito Juárez Pte. 136, El Campanario, 76800 San Juan del Rio, Qro., Mexico","El Campanario, San Juan del Rio, Qro., Mexico","San Juan del Río, Qro., Mexico","76800 San Juan del Río, Qro., Mexico"
19,2120101000,16.865721,-99.876051,"Av Cuauhtémoc 196, Hornos, 39355 Acapulco, Gro., Mexico","La Bocana, 39670 Acapulco, Gro., Mexico","Acapulco, Guerrero, Mexico","La Bocana, 39670 Acapulco, Gro., Mexico"
20,2120101001,16.905116,-99.962227,"Ciruelos 777, San Isidro, 39407 Acapulco, Gro., Mexico","San Isidro, Acapulco, Gro., Mexico","Acapulco, Guerrero, Mexico","San Isidro, 39407 Acapulco, Gro., Mexico"
21,2120101002,17.204589000000002,-100.437149,"Municipio Libre 7, Dorotea, 40945 Atoyac de Álvarez, Gro., Mexico","Dorotea, Atoyac de Álvarez, Gro., Mexico","Atoyac de Álvarez, Guerrero, Mexico","El Ranchito, 40945 Atoyac de Álvarez, Gro., Mexico"
22,2120101004,16.831977,-99.812973,"Carr Cayaco - Puerto Marqués 1045, Llano Largo, Acapulco, Gro., Mexico","Llano Largo, Acapulco, Gro., Mexico","Acapulco, Guerrero, Mexico","Acapulco, Guerrero, Mexico"
23,2120101005,16.687644,-98.412203,"Gral. Enrique D. Añorve, Pila del Monte, 41700 Ometepec, Gro., Mexico","Pila del Monte, Ometepec, Gro., Mexico","Ometepec, Guerrero, Mexico","Barrio de Talapa, 41700 Ometepec, Gro., Mexico"
24,2120101007,17.166133,-99.52882199999999,"Acapulco - Chilpancingo de los Bravo, San Jose, 39942 Tierra Colorada, Gro., Mexico","Linda Vista, Tierra Colorada, Gro., Mexico","Tierra Colorada, Guerrero, Mexico","Guerrero, 39940 Tierra Colorada, Gro., Mexico"
25,2120101008,16.474099,-98.424688,"Cuauhtémoc 125, San Francisco, 41949 Cuajinicuilapa, Gro., Mexico","San Francisco, Cuajinicuilapa, Gro., Mexico","Cuajinicuilapa, Guerrero, Mexico","San Francisco, 41949 Cuajinicuilapa, Gro., Mexico"
26,2120101010,16.582248999999997,-98.815413,"Acapulco - Pinotepa Nacional 66, Marquelia, 41930 Marquelia, Gro., Mexico","Marquelia, 41930 Marquelia, Gro., Mexico","Marquelia, Guerrero, Mexico","Marquelia, 41930 Marquelia, Gro., Mexico"
27,2120602000,17.488274,-99.460003,"Las Petaquillas - Quechultenango, Petaquillas, Gro., Mexico","Petaquillas, Gro., Mexico","Chilpancingo, Guerrero, Mexico","Guerrero, Mexico"
28,2120602002,17.649592000000002,-101.541655,"Calle Paseo de Zihuatanejo Ote. 118, El Hujal, 40880 Zihuatanejo, Gro., Mexico","Zona Industrial, Zihuatanejo, Gro., Mexico","Zihuatanejo, Guerrero, Mexico","Electricistas, 40880 Gro., Mexico"
29,2120602005,18.357229,-99.53404300000001,"Industria Turística 47C, Civi, 40032 Iguala de la Independencia, Gro., Mexico","Civi, Iguala de la Independencia, Gro., Mexico","Iguala, Guerrero, Mexico","Civi, 40032 Iguala de la Independencia, Gro., Mexico"
30,2130403000,20.059127,-98.78441,"Blvd. Felipe Ángeles, Los Prismas, 42083 Pachuca de Soto, Hgo., Mexico","Tuzobús Centro de Justicia, Blvd. Felipe Ángeles SN1207, Colonias, 42083 Pachuca de Soto, Hgo., Mexico","Los Prismas, 42083 Pachuca de Soto, Hgo., Mexico","Pachuca, Hgo., Mexico"
31,2130403004,20.379562,-99.659193,"Andrés Quintana Roo, Sta Bárbara, 42400 Huichapan, Hgo., Mexico","Sta Bárbara, 42400 Huichapan, Hgo., Mexico","42400 Huichapan, Hgo., Mexico","El Calvario, 42400 Huichapan, Hgo., Mexico"
32,2130403005,20.472058999999998,-99.208034,"Av. Insurgentes Ote. 200, 42320 Hgo., Mexico","El Fithzi, 42320 Ixmiquilpan, Hgo., Mexico","Ixmiquilpan, Hgo., Mexico","Hidalgo, Mexico"
33,2130403007,20.530592000000002,-98.635903,"16 de Septiembre 20, Tlachiquetl, San Agustín Metzquititlán, Hgo., Mexico","Tlachiquetl, San Agustín Metzquititlán, Hgo., Mexico","San Agustín Metzquititlán, Hgo., Mexico","San Agustín Metzquititlán, Hgo., Mexico"
34,2130403008,20.735462,-99.38580999999999,"Del Trabajo 22, Centro, 42330 Centro, Hgo., Mexico","Centro, Zimapán, Hgo., Mexico","Zimapan, Hgo., Mexico","Plutarco Elías Calles, 42330 Zimapán, Hgo., Mexico"
35,2130403009,20.060347,-98.44551700000001,"Ecatepec de Morelos - Tulancingo, Tulancingo, Hgo., Mexico","Santiago Tulantepec de Lugo Guerrero, Hgo., Mexico","Hidalgo, Mexico",Mexico
36,2130403010,20.057406,-99.29595400000001,"Tula - Sta Teresa 3501, El Llano 2da Secc, 42820 El Llano, Hgo., Mexico","El Llano 2da Secc, El Llano, Hgo., Mexico","El Llano, Hgo., Mexico","El Llano 1ra Secc, 42820 El Llano, Hgo., Mexico"
37,2130403011,21.141377,-98.411907,"Huejutla de Reyes-Tempoal de Sánchez 255, Aviación Civil, 43000 Huejutla, Hgo., Mexico","Aviación Civil, 43000 Huejutla, Hgo., Mexico","Huejutla de Reyes, Hgo., Mexico","Huejutla de Reyes, Hgo., Mexico"
38,2140203000,20.664207,-103.37623599999999,"Calle Juan Ruiz de Alarcón 657, Jardines del Bosque, 44520 Guadalajara, Jal., Mexico","Jardines del Bosque, 44520 Guadalajara, Jal., Mexico","Guadalajara, Jalisco, Mexico","Jardines del Bosque, 44520 Guadalajara, Jal., Mexico"
39,2150802000,19.526286,-99.05573100000001,"San Andrés 18, San Francisco Xal, 55330 Ecatepec de Morelos, Méx., Mexico","San Francisco Xal, Ecatepec de Morelos, Méx., Mexico","Agricultura 4-A, Ecatepec de Morelos, Méx., Mexico","5 de Septiembre, 55330 Ecatepec de Morelos, Méx., Mexico"
40,2150802005,19.477508,-98.889703,"Carretera Federal México-Texcoco 433, San Mateo Huexotla, 56236 Texcoco de Mora, Méx., Mexico","San Mateo Huexotla, 56236 Texcoco de Mora, Méx., Mexico","San Bernardino, State of Mexico, Mexico","56236 Texcoco, State of Mexico, Mexico"
41,2150802007,19.795544,-99.093172,"San Lorenzo 13, San Lorenzo, 55604 San Lorenzo, Méx., Mexico","San Lorenzo, Zumpango de Ocampo, Méx., Mexico","Fraccionamiento la Trinidad, Méx., Mexico","Zumpango, State of Mexico, Mexico"
42,2150802009,19.688878,-98.865022,"Av. Pirámides 5, Centro, 55800 San Juan Teotihuacan de Arista, Méx., Mexico","Centro, San Juan Teotihuacan de Arista, Méx., Mexico","San Juan Teotihuacán, State of Mexico, Mexico","Centro, 55810 San Juan Teotihuacan de Arista, Méx., Mexico"
43,2151102000,19.246973999999998,-99.610439,"Carr Metepec-Zacango, San Jorge Pueblo Nuevo, 52164 Metepec, Méx., Mexico","San Jorge Pueblo Nuevo, Metepec, Méx., Mexico","Metepec, State of Mexico, Mexico","San Jorge Pueblo Nuevo, 52164 Metepec, Méx., Mexico"
44,2151102005,18.9862,-99.4214,"Carr. Xalatlaco-Chalma 56, San Francisco Tepexozuca, Méx., Mexico","Ocuilan, Méx., Mexico","State of Mexico, Mexico",Mexico
45,2151102007,19.436059,-99.994801,"Calle Hermenegildo Galeana 10, Villa Victoria, Méx., Mexico","Villa Victoria, State of Mexico, Mexico","Villa Victoria, Méx., Mexico","State of Mexico, Mexico"
46,2151102008,19.206985,-100.13517,"Toluca-Valle 239, Issemym, 51200 Valle de Bravo, Méx., Mexico","Issemym, 51200 Valle de Bravo, Méx., Mexico","Valle de Bravo, State of Mexico, Mexico","Emiliano Zapata, 51200 Valle de Bravo, Méx., Mexico"
47,2151102011,18.927196,-99.94075600000001,"Lic. Benito Juárez 16, Texcaltitlán, Méx., Mexico","Texcaltitlán, State of Mexico, Mexico","Texcaltitlán, Méx., Mexico","State of Mexico, Mexico"
48,2151102013,18.963775,-99.59894,"Del Panteón 101, Tenancingo de Degollado, 52400 Tenancingo de Degollado, Méx., Mexico","Providencia, 52400 Tenancingo de Degollado, Méx., Mexico","Tenancingo, Méx., Mexico","State of Mexico, Mexico"
49,2160502014,17.95397,-102.20002,"Artículo 123 6, Sin Nombre, Ejidal, 60950 Lázaro Cárdenas, Mich., Mexico","Sin Nombre, Ejidal, 60950 Lázaro Cárdenas, Mich., Mexico","Ejidal, Lázaro Cárdenas, Mich., Mexico","Lázaro Cárdenas, Michoacán, Mexico"
50,2160502000,19.704577,-101.226017,"Av Francisco I. Madero Pte 231, Irrigación, 58140 Morelia, Mich., Mexico","Irrigación, 58140 Morelia, Mich., Mexico","Morelia, Michoacán, Mexico","La Colina, 58140 Morelia, Mich., Mexico"
51,1000002000,20.6630692,-103.3766809,"Av Mariano Otero 1, Del Fresno, 44909 Guadalajara, Jal., Mexico","Del Fresno, Guadalajara, Jal., Mexico","Guadalajara, Jalisco, Mexico","Del Fresno, 44909 Guadalajara, Jal., Mexico"
52,2170102000,18.817389000000002,-99.21933299999999,"Camino al Campo Sta. Cruz, Vergel Santa Cruz, 62585 Temixco, Mor., Mexico","Vergel Santa Cruz, Temixco, Mor., Mexico","Temixco, Morelos, Mexico","Vergel Santa Cruz, 62585 Temixco, Mor., Mexico"
53,2170102004,18.643755,-99.213402,"Galeana - Cuautla 27, Guadalupe Victoria, 62785 San Nicolás Galeana, Mor., Mexico","Centro, 62785 San Nicolás Galeana, Mor., Mexico","62785 San Nicolás Galeana, Mor., Mexico","Galeana, Mor., Mexico"
54,2190502000,25.767207,-100.19133199999999,"Av. Miguel Alemán, Kalos, Cd Apodaca, N.L., Mexico","Sin Nombre de Col 26, Cd Apodaca, N.L., Mexico","Sin Nombre de Col 26, Cd Apodaca, N.L., Mexico","Ciudad Apodaca, Nuevo Leon, Mexico"
55,2200201000,16.468283,-95.03228,"Oaxaca Juchitán de Zaragoza - Sta María Guienagati 2674, Planta Impregnadora, 70000 Juchitán de Zaragoza, Oax., Mexico","El Espinal, Oax., Mexico","Oaxaca, Mexico",Mexico
56,2200201003,16.8759,-95.0384,"Guerrero 503, Juarez Nte., 70300 Matías Romero Avendaño, Oax., Mexico","Juarez Nte., 70300 Matías Romero Avendaño, Oax., Mexico","Matias Romero Avendano, Oaxaca, Mexico","San Bartolo, 70300 Matías Romero Avendaño, Oax., Mexico"
57,2200201004,16.223727,-95.20911,"Super Carretera Transísmica 27, Jardines, 70613 Salina Cruz, Oax., Mexico","Francisco I. Madero, Salina Cruz, Oax., Mexico","Salina Cruz, Oaxaca, Mexico","Cesar Linton, 70614 Salina Cruz, Oax., Mexico"
58,2200302000,17.145193,-96.7789,"Carr. Internacional, San Joaquin, Santiago Etla, Oax., Mexico","San José, Santiago Etla, Oax., Mexico","Santiago Etla, Oax., Mexico","San Lorenzo Cacaotepec, Oax., Mexico"
59,2200302003,16.336719,-96.59648,"Federal a Puerto Angel 150, La Merced, 70805 Miahuatlán de Porfirio Díaz, Oax., Mexico","La Merced, 70805 Miahuatlán de Porfirio Díaz, Oax., Mexico","Miahuatlán de Porfirio Díaz, Oaxaca, Mexico","La Merced, 70805 Miahuatlán de Porfirio Díaz, Oax., Mexico"
60,2200302006,16.352083,-98.05741,"Periférico, Pinotepa, Pinotepa Nacional, Oax., Mexico","Pinotepa Nacional, Oax., Mexico","Oaxaca, Mexico",Mexico
61,2200302007,15.728919,-96.47058,"Santiago Pinotepa Nacional - Salina Cruz, Santa María Tonameca, Oax., Mexico","San Pedro Pochutla, Oax., Mexico","Oaxaca, Mexico",Mexico
62,2200302009,16.94868,-96.70684,"Puerto Escondido - Oaxaca, San Bartolo Coyoyepec, 71256 San Bartolo Coyotepec, Oax., Mexico","San Bartolo Coyoyepec, San Bartolo Coyotepec, Oax., Mexico","San Bartolo Coyotepec, Oaxaca, Mexico","San Bartolo Coyoyepec, 71256 San Bartolo Coyotepec, Oax., Mexico"
63,2210503002,18.996778,-97.450576,"J. Ma. Morelos LB, Col la Cuchilla, 75520 Cd Serdán, Pue., Mexico","Col la Cuchilla, 75520 Cd Serdán, Pue., Mexico","Cd Serdán, Pue., Mexico","75520 Cd Serdán, Pue., Mexico"
64,2210503018,19.3253,-98.247968,"Carr. Federal San Martin-Tlaxcala 273, El Chamizal, Atzinco, 90040 Tlaxcala de Xicohténcatl, Tlax., Mexico","El Chamizal, Atzinco, 90160 San Juan Totolac, Tlax., Mexico","Atzinco, San Juan Totolac, Tlax., Mexico","San Juan Totolac, Tlaxcala, Mexico"
65,2210503020,19.592382,-98.571718,"Calpulalpan-Apizaco 1050, La Cañada, 90207 Calpulalpan, Tlax., Mexico","La Cañada, Calpulalpan, Tlax., Mexico","Calpulalpan, Tlaxcala, Mexico","Calpulalpan, Tlax., Mexico"
66,2210503021,18.896217,-97.71325300000001,"PUE 714 220, 75480 Tecamachalco, Pue., Mexico","Tecamachalco, Pue., Mexico","Puebla, Mexico",Mexico
67,2240302001,22.210060000000002,-100.99853,"Av. Anillo Perif. Nte. 348, San Luis Potosí, Mexico","Sin Nombre, San Luis, S.L.P., Mexico","San Luis Potosi, Mexico","San Luis Potosí, San Luis Potosi, Mexico"
68,2240302011,21.979195,-99.00318,"Tampico - Cd Valles, 79099 Cd Valles, S.L.P., Mexico","Ciudad Valles, San Luis Potosi, Mexico","Las Lomas Oriente, 79099 Cd Valles, S.L.P., Mexico","Cd Valles, S.L.P., Mexico"
69,1000003000,18.0753235,-96.13517709999991,"Tuxtepec - Oaxaca 710, Santa Cruz, 68330 San Juan Bautista Tuxtepec, Oax., Mexico","Santa Cruz, San Juan Bautista Tuxtepec, Oax., Mexico","San Juan Bautista Tuxtepec, Oaxaca, Mexico","Los Cobos, 68330 San Juan Bautista Tuxtepec, Oax., Mexico"
70,2270201000,17.986792,-92.98987,"Cardenas - Villahermosa 681, Buena Vista Río Nuevo 1ra Secc, Tab., Mexico","Anacleto Canabal 1ra Secc, Tab., Mexico","Centro Municipality, Tabasco, Mexico","Tabasco, Mexico"
71,2270201016,17.537585,-91.99141,"Palenque - Pakalná 48, Pakalna, 29960 Palenque, Chis., Mexico","Pakalna, 29960 Palenque, Chis., Mexico","Palenque, Chis., Mexico","Sin Nombre, 29960 Palenque, Chis., Mexico"
72,2280202018,20.448519,-97.31166400000001,"Cruz Chiquita 117, Valentina, 93427 Papantla de Olarte, Ver., Mexico","Valentina, 93427 Papantla de Olarte, Ver., Mexico","Papantla de Olarte, Ver., Mexico","Valentina, 93427 Papantla de Olarte, Ver., Mexico"
73,2280202023,20.079884,-97.04685699999999,"Lib. Martínez de la Torre - Tlapacoyan, Martinez de la Torre, 93600 Martínez de la Torre, Ver., Mexico","Martinez de la Torre, Martínez de la Torre, Ver., Mexico","Martínez de la Torre, Ver., Mexico","La Muralla, 93600 Martínez de la Torre, Ver., Mexico"
74,2280202033,20.183164,-98.069535,"Revolución, Zacamila, 73160 Huauchinango, Pue., Mexico","Rancho Viejo, Huauchinango, Pue., Mexico","Huauchinango, Puebla, Mexico","Col de los Electricistas, 73160 Huauchinango, Pue., Mexico"
75,2301202007,18.09994,-96.13132,"México 175 8, Bugambilias, 68376 San Juan Bautista Tuxtepec, Oax., Mexico","El Diamante, San Juan Bautista Tuxtepec, Oax., Mexico","San Juan Bautista Tuxtepec, Oaxaca, Mexico","Jorge L. Tamayo, 68335 San Juan Bautista Tuxtepec, Oax., Mexico"
76,2301202012,17.992433,-94.57465,"Instituto Tecnológico 502, Nueva Mina, 96760 Minatitlán, Ver., Mexico","Nueva Mina, 96760 Minatitlán, Ver., Mexico","Minatitlán, Ver., Mexico","Jorge Sierra Gallardo, 96760 Minatitlán, Ver., Mexico"
77,2310104000,20.979956,-89.56263,"Calle 2 282, Sin Nombre de Col 6, Mérida, Yuc., Mexico","Sin Nombre de Col 6, Mérida, Yuc., Mexico","Mérida, Yucatan, Mexico","Merida, Yucatan, Mexico"
78,2310104007,21.151892999999998,-86.87105,"Calle 121, 98, 77537 Cancún, Q.R., Mexico","98, 77537 Cancún, Q.R., Mexico","Cancún, Quintana Roo, Mexico","Akimpech, 98, 77537 Cancún, Q.R., Mexico"
79,2310104008,20.629986,-87.08153,"Calle 6 Nte LB, Centro, 77710 Playa del Carmen, Q.R., Mexico","Centro, 77710 Playa del Carmen, Q.R., Mexico","Playa del Carmen, Quintana Roo, Mexico","Calica, 77710 Playa del Carmen, Q.R., Mexico"
80,2310104011,16.762293,-93.14200000000001,"5a. Nte. Pte. 2833, Calichal, 29026 Tuxtla Gutiérrez, Chis., Mexico","Joyo Mayyu, 29000 Tuxtla Gutiérrez, Chis., Mexico","Tuxtla Gutiérrez, Chis., Mexico","Coqueletquitsan, 29000 Tuxtla Gutiérrez, Chis., Mexico"
81,1000004000,23.2037866,-106.41359609999999,"Av Gabriel Leyva 1620, Centro, 82000 Mazatlán, Sin., Mexico","Centro, Mazatlán, Sin., Mexico","Mazatlan, Sinaloa, Mexico","Cerro del Vigía, 82000 Mazatlán, Sin., Mexico"
82,1000005000,25.545078600000004,-103.4087835,"Calle Prof. Julio Rodríguez Sánchez 404, Nuevo Torreón, 27060 Torreón, Coah., Mexico","Nuevo Torreón, Torreón, Coah., Mexico","Torreón, Coahuila, Mexico","Nuevo Torreón, 27060 Torreón, Coah., Mexico"
83,2151102017,19.411279999999998,-99.50872,"Carr. Toluca-Naucalpan 201, Xonacatlan de Vicencio, 52060 Xonacatlán, Méx., Mexico","San Antonio la Fe, Xonacatlán, Méx., Mexico","Xonacatlán, State of Mexico, Mexico","Emiliano Zapata, 52060 Xonacatlán, Méx., Mexico"
84,2120101011,16.724763,-99.132361,"Cruz Grande - San Marcos 10, Vicente Guerrero, 41800 Cruz Grande, Gro., Mexico","Vicente Guerrero, 41800 Cruz Grande, Gro., Mexico","Cruz Grande, Guerrero, Mexico","Sultana del Sur, 41800 Cruz Grande, Gro., Mexico"
85,2060102000,28.675988,-106.094268,"Av Zaragoza 2500, Francisco I. Madero, 31030 Francisco I. Madero, Chih., Mexico","Francisco I. Madero, Chihuahua, Chih., Mexico","Chihuahua, Mexico","Reforma, 31030 Chihuahua, Chih., Mexico"
86,2070603000,25.535103,-103.390403,"Carr. Torreón - Matamoros 44, Gustavo Díaz Ordaz, Torreón, Coah., Mexico","Sin Nombre de Col 6, Torreón, Coah., Mexico","Torreón, Coahuila, Mexico","Torreón Municipality, Coahuila, Mexico"
87,2110102013,21.024510999999997,-101.8425,"Francisco I. Madero 890, Rivera del Rio, 36364 San Francisco del Rincón, Gto., Mexico","Rivera del Rio, 36442 San Francisco del Rincón, Gto., Mexico","San Francisco del Rincón, Guanajuato, Mexico","Barrio de Guadalupe, 36442 San Francisco del Rincón, Gto., Mexico"
88,1000001000,19.4411695,-99.1892181,"Lago Alberto 156, Granada, 11520 Ciudad de México, CDMX, Mexico","Granada, Ciudad de México, CDMX, Mexico","Mexico City, CDMX, Mexico","Granada, 11520 Ciudad de México, CDMX, Mexico"
89,2140203003,20.374182,-103.81971899999999,"Villa Corona - Cocula 62, Rinconada, Cocula, Jal., Mexico","Cocula, Jalisco, Mexico","Cocula, Jalisco, Mexico","Jalisco, Mexico"
90,2140203005,20.046457,-102.71655200000001,"México 15 900, Noria de Montes, 59099 Sahuayo de Morelos, Mich., Mexico","Noria de Montes, Sahuayo de Morelos, Mich., Mexico","Sahuayo, Michoacán, Mexico","Noria de Montes, 59099 Sahuayo de Morelos, Mich., Mexico"
91,2140203006,20.360084,-102.778095,"Para llegar al templo 682, Río Zula II, 47820 Ocotlán, Jal., Mexico","Florida, 47820 Ocotlán, Jal., Mexico","Ocotlán, Jalisco, Mexico","Florida, 47820 Ocotlán, Jal., Mexico"
92,2140203008,19.788368,-104.357741,"Unión de Tula - Autlan de Navarro 2117, Sin Nombre, 48900 Autlán de Navarro, Jal., Mexico","Autlán, Jalisco, Mexico","Sin Nombre, 48900 Autlán de Navarro, Jal., Mexico","Autlán de Navarro, Jal., Mexico"
93,2140203009,19.47719,-104.648251,"La Huerta - Barra de Navidad 517, El Almolón, Jal., Mexico","El Refugio, La Huerta, Jal., Mexico","La Huerta, Jalisco, Mexico","La Huerta, Jal., Mexico"
94,2140203013,20.626462,-103.329246,"Calz. Lázaro Cárdenas Ote. 1427, Alamo Industrial, 45593 San Pedro Tlaquepaque, Jal., Mexico","Alamo Industrial, 45593 San Pedro Tlaquepaque, Jal., Mexico","Tlaquepaque, Jalisco, Mexico","Alamo Industrial, 45593 San Pedro Tlaquepaque, Jal., Mexico"
95,2140203014,20.73055,-103.35131,"Calz del Federalismo Nte 3780, González Ortega, 45190 Zapopan, Jal., Mexico","González Ortega, 45190 Zapopan, Jal., Mexico","Zapopan, Jalisco, Mexico","El Batán, 45190 Zapopan, Jal., Mexico"
96,2140203015,20.861047,-103.248334,"México 54 408, El Cerro de La Cruz, 45260 Ixtlahuacán del Río, Jal., Mexico","El Cerro de La Cruz, 45260 Ixtlahuacán del Río, Jal., Mexico","45260 Ixtlahuacán del Río, Jalisco, Mexico","El Cerro de La Cruz, 45260 Ixtlahuacán del Río, Jal., Mexico"
97,2140203016,20.881055,-103.831121,"Carr. Internacional 394, Colinas del Rosario, 46403 Tequila, Jal., Mexico","Colinas del Rosario, 46403 Tequila, Jal., Mexico","Tequila, Jalisco, Mexico","Sauza, 46403 Tequila, Jal., Mexico"
98,2140203017,19.6994,-103.477,"Siembra 469, Ejidal, 49070 Cd Guzman, Jal., Mexico","Ejidal, 49070 Cd Guzman, Jal., Mexico","Ciudad Guzmán, Jalisco, Mexico","El Tinaco, 49070 Cd Guzman, Jal., Mexico"
99,2140203019,20.689496,-105.233747,"Av. Francisco Medina Ascencio, Guadalupe Victoria, 48317 Puerto Vallarta, Jal., Mexico","Guadalupe Victoria, 48317 Puerto Vallarta, Jal., Mexico","Puerto Vallarta, Jalisco, Mexico","Aeropúerto, 48317 Puerto Vallarta, Jal., Mexico"
100,2140203023,19.096875,-104.321043,"Blvd. Miguel de la Madrid 958-1053, Viveros Pelayo, 28218 Manzanillo, Col., Mexico","Viveros Pelayo, Manzanillo, Col., Mexico","Manzanillo, Colima, Mexico","Playa Azul Salagua, 28218 Manzanillo, Col., Mexico"
101,2140203026,20.296560999999997,-103.239397,"Independencia 133, San Antonio Tlayacapan, 45900 Ajijic, Jal., Mexico","San Antonio Tlayacapan, 45900 Ajijic, Jal., Mexico","San Antonio Tlayacapan, Jal., Mexico","San Antonio Tlayacapan, 45900 Ajijic, Jal., Mexico"
102,2160502017,18.778185,-103.152181,"Rafaela Manzo 94, Rafaela Manzo, 60840 Coalcomán de Vázquez Pallares, Mich., Mexico","Centro, 60840 Coalcomán de Vázquez Pallares, Mich., Mexico","Coalcomán de Vázquez Pallares, Michoacán, Mexico","San Rafael 2, 60840 Coalcomán de Vázquez Pallares, Mich., Mexico"
103,2160502016,19.1982,-102.85386,"De Los Deportes SN(UNIDADDEPORTIVALAZAROCARDENAS), El Chivo, 60540 Tepalcatepec, Mich., Mexico","Tepalcatepec, Mich., Mexico","Michoacán, Mexico",Mexico
104,2160502002,19.694395,-100.578979,"Morelos Pte. 318, Barranca Seca, 61116 Cd Hidalgo, Mich., Mexico","Barranca Seca, Cd Hidalgo, Mich., Mexico","Ciudad Hidalgo, Michoacán, Mexico","Barranca Seca, 61116 Cd Hidalgo, Mich., Mexico"
105,2160502003,18.579999923706,-100.879997253417,"Michoacán Cd Altamirano-Huetamo De Núñez, Michoacán, Mexico","Huetamo, Mich., Mexico","Michoacán, Mexico",Mexico
106,2160502007,19.7999992370605,-101.779998779296,"Morelos, Los Corrales, 58684 Zacapu, Mich., Mexico","Zacapu, 58684 Zacapu, Mich., Mexico","Zacapu, Michoacán, Mexico","Los Corrales, 58684 Zacapu, Mich., Mexico"
107,2160502009,20.097851000000002,-101.515692,"Emilio Carranza 183_1, La Loma, 58502 Puruándiro, Mich., Mexico","La Loma, 58502 Puruándiro, Mich., Mexico","Puruándiro, Michoacán, Mexico","La Loma, 58502 Puruándiro, Mich., Mexico"
108,2180402000,21.4531,-104.8965,"Everardo Pena 23-29, 25 de Abril, 63784 Xalisco, Nay., Mexico","25 de Abril, Xalisco, Nay., Mexico","Xalisco, Nayarit, Mexico","Landareñas, 63784 Xalisco, Nay., Mexico"
109,2180402003,21.5405,-105.286,"H. Batallón de San Blas 18, Sin Nombre Loc. San Blas, El Guayabal, 63744 San Blas, Nay., Mexico","Centro, San Blas, Nay., Mexico","Sin Nombre Loc. San Blas, San Blas, Nay., Mexico","San Blas, Nay., Mexico"
110,2250301000,24.77426,-107.45306000000001,"Calz. Aeropuerto 6608, Gasolinera del Valle, 80148 Culiacán Rosales, Sin., Mexico","Gasolinera del Valle, Culiacán Rosales, Sin., Mexico","Culiacán, Sinaloa, Mexico","Bugambilias, 80148 Culiacán Rosales, Sin., Mexico"
111,2250902000,23.265723,-106.416202,"Mazatlán-Tepic, Las Torres, 82165 Mazatlán, Sin., Mexico","Las Torres, Mazatlán, Sin., Mexico","Mazatlan, Sinaloa, Mexico","Las Torres, 82165 Mazatlán, Sin., Mexico"
112,2250902009,23.14807,-109.709653,"La Paz-San José del Cabo, Santa Anita, B.C.S., Mexico","Las Veredas, B.C.S., Mexico","Los Cabos, Baja California Sur, Mexico","Baja California Sur, Mexico"
113,2280202000,22.335775,-97.88178,"Emiliano Zapata 89605, Españita, 89605 Miramar, Tamps., Mexico","Central de Abastos, Miramar, Tamps., Mexico","Miramar, Tamaulipas, Mexico","Españita, 89605 Miramar, Tamps., Mexico"
114,2320403010,23.169773,-102.857692,"García Salinas 116, Venustiano Carranza, 99090 Fresnillo, Zac., Mexico","Venustiano Carranza, Fresnillo, Zac., Mexico","Fresnillo, Zacatecas, Mexico","Electricista, 99090 Fresnillo, Zac., Mexico"
115,2160101000,19.071535,-102.342838,"Francisco Maldonado, 60693 Apatzingán de la Constitución, Mich., Mexico","Vista Bella, Apatzingán de la Constitución, Mich., Mexico","Apatzingán, Michoacán, Mexico","Priísta, 60693 Apatzingán de la Constitución, Mich., Mexico"
116,2200201009,17.442382000000002,-95.4263,"Del Vecindario, María Lombardo de Caso, Oax., Mexico","María Lombardo de Caso, Oax., Mexico","San Juan Cotzocón, Oax., Mexico","Oaxaca, Mexico"
117,2270201006,17.999004,-93.39441,"Carr. Cto. del Golfo 16-120, San Pedro de los Cedros, Heroica Cárdenas, Tab., Mexico","San Pedro de los Cedros, 86472 Heroica Cárdenas, Tab., Mexico","Cárdenas, Tabasco, Mexico","San Pedro de los Cedros, 86472 Heroica Cárdenas, Tab., Mexico"
118,2270201009,18.3864,-93.21996,"México 187 407, Quintín Arauz, Paraíso, Tab., Mexico","Quintín Arauz, Tab., Mexico","Paraíso, Tabasco, Mexico","Tabasco, Mexico"
119,2270201012,17.571135,-92.95607,"México 195, Nuevo San Isidro, 86819 Teapa, Tab., Mexico","Manuel Vuelta 1ra Secc, Teapa, Tab., Mexico","Teapa, Tabasco, Mexico","Manuel Vuelta 1ra Secc, 86819 Teapa, Tab., Mexico"
120,2270201014,18.5313,-92.6371,"Ejido 10, Centro, 86750 Frontera, Tab., Mexico","Centro, 86750 Frontera, Tab., Mexico","Frontera, Tabasco, Mexico","Grijalva 2, 86750 Frontera, Tab., Mexico"
121,2280202020,20.907110999999997,-97.681798,"Guadalajara 39, Heroica Veracruz, Álamo, Ver., Mexico","Heroica Veracruz, 92736 Álamo, Ver., Mexico","Álamo, Ver., Mexico","Emiliano Zapata, 92736 Álamo, Ver., Mexico"
122,2280202027,20.962035,-97.432139,"Carr. Costera del Golfo, Villa Rosita, 92860 Tuxpan, Ver., Mexico","Villa Rosita, Tuxpan, Ver., Mexico","Túxpam de Rodríguez Cano, Ver., Mexico","Rosa Maria, 92860 Tuxpan, Ver., Mexico"
123,2280202030,21.335764,-97.693714,"Poza Rica-Tampico 21, Petrolera, 92390 Naranjos, Ver., Mexico","Aviacion, 92390 Naranjos, Ver., Mexico","Naranjos, Ver., Mexico","Aviacion, 92390 Naranjos, Ver., Mexico"
124,2301202010,18.035608,-95.53235,"Fco. Javier Clavijero 241, Chamizal, 95647 Isla, Ver., Mexico","Limon de Guerrero, 95648 Isla, Ver., Mexico","Isla, Ver., Mexico","Santa Fe, 95648 Isla, Ver., Mexico"
125,2310104016,15.671535999999998,-92.13857,"El Huanacastle, La Alborada, 30140 Frontera Comalapa, Chis., Mexico","La Alborada, 30140 Frontera Comalapa, Chis., Mexico","Frontera Comalapa, Chis., Mexico","Dr Belisario Dominguez, 30140 Frontera Comalapa, Chis., Mexico"
126,2310104020,15.325899,-92.65423,"Costera 8, China, Acapetahua, Chis., Mexico","China, Escuintla, Chis., Mexico","Escuintla, Chis., Mexico","Escuintla, Chis., Mexico"
127,2310104024,15.688776,-93.20501999999999,"Arriaga - Tapachula, El Cocal, Pijijiapan, Chis., Mexico","Nuevo Mexico, Pijijiapan, Chis., Mexico","Pijijiapan, Chis., Mexico","Pijijiapan, Chis., Mexico"
128,2310104025,16.73412,-92.6514,"Diagonal Hermanos Paniagua 29, San Ramon, 29240 San Cristóbal de las Casas, Chis., Mexico","San Ramon, 29240 San Cristóbal de las Casas, Chis., Mexico","San Cristobal de las Casas, Chis., Mexico","Sta Maria, 29240 San Cristóbal de las Casas, Chis., Mexico"
129,2310104027,16.100379,-93.76985,"Av Hidalgo 2000, San Ramón, 30500 Tonalá, Chis., Mexico","San Ramón, Tonalá, Chis., Mexico","Tonalá, Chis., Mexico","Nicatán, 30500 Chis., Mexico"
130,2310104033,20.216631,-87.44638,"Carr. Tulum - Cancún 135-169, Tulum, Q.R., Mexico","Tulum, Quintana Roo, Mexico","Quintana Roo, Mexico",Mexico
131,2020202004,32.496809999999996,-116.922506,"Blvd. Manuel Jesús Clouthier 18561, Lago Sur, Tijuana, B.C., Mexico","Lago Sur, Tijuana, B.C., Mexico","Tijuana, Baja California, Mexico","Tijuana, Baja California, Mexico"
132,2180402006,22.4931,-105.3619,"Matamoros Ote. 16, Centro, 63430 Acaponeta, Nay., Mexico","Centro, Acaponeta, Nay., Mexico","Acaponeta, Nayarit, Mexico","Centro, 63430 Acaponeta, Nay., Mexico"
133,2250902006,25.825391,-108.97353999999999,"Blvrd Antonio Rosales 3038, Miguel Hidalgo, 81210 Los Mochis, Sin., Mexico","Miguel Hidalgo, Los Mochis, Sin., Mexico","Los Mochis, Sinaloa, Mexico","Miguel Hidalgo, 81210 Los Mochis, Sin., Mexico"
134,2260502000,29.047344,-110.963218,"Bulevar Solidaridad 781, Villa del Seri, 83280 Hermosillo, Son., Mexico","Palo Verde, 83280 Hermosillo, Son., Mexico","Hermosillo, Sonora, Mexico","83280 Miguel Alemán, Son., Mexico"
135,2260502009,27.044947999999998,-109.460144,"Boulevard Rafael J. Almada, Villa Dorada, Navojoa, Son., Mexico","Navojoa, Sonora, Mexico","Navojoa, Sonora, Mexico","Sonora, Mexico"
136,2060102004,31.621396,-106.443874,"Calle Aeronáutica 6910, Jardines del Aeropuerto, 32695 Cd Juárez, Chih., Mexico","Jardines del Aeropuerto, 32695 Cd Juárez, Chih., Mexico","Ciudad Juarez, Chihuahua, Mexico","De Las Torres V, 32695 Cd Juárez, Chih., Mexico"
137,2060102005,26.968640999999998,-105.663426,"México 24, Hidalgo del Parral, Chih., Mexico","Parral, Chihuahua, Mexico","Parral, Chihuahua, Mexico","Chihuahua, Mexico"
138,2060102006,27.653672999999998,-105.14788300000001,"Vialidad Sebastian 37, Cuatro Milpas, 33759 Cd Camargo, Chih., Mexico","Camargo, Chih., Mexico","Chihuahua, Mexico",Mexico
139,2060102007,27.123441999999997,-104.89830800000001,"Chihuahua 301, Guadalupe Victoria, 33980 José Mariano Jiménez, Chih., Mexico","Guadalupe Victoria, 33980 José Mariano Jiménez, Chih., Mexico","Ciudad Jiménez, Chihuahua, Mexico","Heroes de La Revolución, 33980 José Mariano Jiménez, Chih., Mexico"
140,2070603002,24.860359,-103.69846700000001,"Severino Ceniceros SN-S MOTEL JUAREZ, Magisterial, 35805 Cuencamé, Dgo., Mexico","Magisterial, Cuencamé, Dgo., Mexico","Cuencamé, Durango, Mexico","Pasajito, 35805 Cuencamé, Dgo., Mexico"
141,2070603014,25.491363,-100.967563,"Carr. Monterrey - Saltillo 8057, Los Rodríguez, 25206 Saltillo, Coah., Mexico","Los Rodríguez, Saltillo, Coah., Mexico","Saltillo, Coahuila, Mexico","Residencial Arboledas, 25200 Saltillo, Coah., Mexico"
142,2070603015,24.816797,-100.07198100000001,"Constitución 82, Centro de Galeana, 67850 Galeana, N.L., Mexico","Las Cordeladas, 67850 Galeana, N.L., Mexico","Galeana, Nuevo Leon, Mexico","Santa Rita, 67850 N.L., Mexico"
143,2070603016,25.472336,-102.17371899999999,"COAH 102 200, Zona Industrial, 27989 Parras de la Fuente, Coah., Mexico","Sin Nombre de Col 1, Parras de la Fuente, Coah., Mexico","Parras de la Fuente, Coahuila, Mexico","Parras, Coahuila, Mexico"
144,2070603019,27.886948999999998,-101.14832,"Francisco I. Madero 1186, Sin Nombre de Col 1, Sabinas, Coah., Mexico","Sabinas, Coahuila, Mexico","Coahuila, Mexico",Mexico
145,2110102008,20.944993,-101.28071700000001,"Carr a Puentecillas, Guanajuato, Mexico","Guanajuato, Mexico","Guanajuato, Mexico",Mexico
146,2190502009,25.757937,-100.399723,"Av Abraham Lincoln 8680, Chapultepec Sur, 64102 Monterrey, N.L., Mexico","Chapultepec Sur, 64102 Monterrey, N.L., Mexico","Monterrey, Nuevo Leon, Mexico","Chapultepec Nte., 64102 Monterrey, N.L., Mexico"
147,2280202002,22.713236,-98.986542,"Antiguo Morelos-Ciudad Mante, Quintero, Tamps., Mexico","El Mante, Tamaulipas, Mexico","Tamaulipas, Mexico",Mexico
148,2280202005,22.212947,-98.363496,"Lázaro Cárdenas 112, Vergel, 79180 Ebano, S.L.P., Mexico","Los Grillos, Priv. Microondas, INFONAVIT, 79140 Ebano, S.L.P., Mexico","INFONAVIT, Ebano, S.L.P., Mexico","Ebano, San Luis Potosi, Mexico"
149,2280202012,26.056213,-98.366619,"Cruce Libramiento Sur, Sin Nombre de Col 15, 88730 Reynosa, Tamps., Mexico","Sin Nombre de Col 16, 88730 Reynosa, Tamps., Mexico","Reynosa, Tamaulipas, Mexico","Puerta del Sol, 88730 Reynosa, Tamps., Mexico"
150,2280202016,27.425656,-99.531594,"Carretera Monterrey - Nuevo Laredo 69, Nuevo Laredo, Tamps., Mexico","Nuevo Laredo, Tamaulipas, Mexico","Nuevo Laredo Municipality, Tamaulipas, Mexico","Tamaulipas, Mexico"
151,2070603021,28.681618,-100.545582,"Calle Blvd. Mendoza Berrueto 2208, Chapultepec, 26070 Piedras Negras, Coah., Mexico","Emilio Carranza Poniente, 26070 Piedras Negras, Coah., Mexico","Piedras Negras, Coahuila, Mexico","Parque Industrial Piedras Negras, 26070 Piedras Negras, Coah., Mexico"
152,2020202000,32.496078999999995,-116.923254,"Blvd. Manuel Jesús Clouthier 325, Guaycura, 22216 Tijuana, B.C., Mexico","Lago Sur, Tijuana, B.C., Mexico","Tijuana, Baja California, Mexico","Tijuana, Baja California, Mexico"
153,2020202001,32.458257,-114.69788100000001,"Av Alvaro Obregon, Parque Industrial, 83500 San Luis Río Colorado, Son., Mexico","Parque Industrial, San Luis Río Colorado, Son., Mexico","San Luis Río Colorado, Sonora, Mexico","Las Flores, 83500 San Luis Río Colorado, Son., Mexico"
154,2020202003,31.821109999999997,-116.599375,"Carr. Transpeninsular, Carlos Pacheco 8, 22890 Ensenada, B.C., Mexico","Carlos Pacheco 8, 22890 Ensenada, B.C., Mexico","Ensenada, Baja California, Mexico","Carlos Pacheco 8, 22890 Ensenada, B.C., Mexico"
155,2060102002,28.400932,-106.90471399999998,"Blvrd Fernando Baeza 6495, Hernández, 31527 Cd Cuauhtémoc, Chih., Mexico","Hernández, Cd Cuauhtémoc, Chih., Mexico","Ciudad Cuauhtemoc, Chihuahua, Mexico","Campesina, 31527 Cd Cuauhtémoc, Chih., Mexico"
156,2070603008,23.796784,-105.34106200000001,"Durango-Mazatlán SN-I, Juárez, 34946 El Salto, Dgo., Mexico","Juárez, El Salto, Dgo., Mexico","El Salto, Durango, Mexico","Buenavista, 34946 El Salto, Dgo., Mexico"
157,2070603010,23.746219,-103.976792,"Sombrerete - El Calabazal - Vicente Guerrero, Revolución, 34892 Vicente Guerrero, Dgo., Mexico","Vicente Guerrero, Durango, Mexico","Vicente Guerrero, Dgo., Mexico","Durango, Mexico"
158,2110102017,20.987196,-100.4018,"Carretera Constitución 474, La Purisima, San José Iturbide, Gto., Mexico","San José Iturbide, Guanajuato, Mexico","Guanajuato, Mexico",Mexico
159,2110102018,21.158761,-100.9161,"Av. De los Heroes 119, La Amistad, 37800 Dolores Hidalgo Cuna de la Independencia Nacional, Gto., Mexico","Los Santos, Dolores Hidalgo Cuna de la Independencia Nacional, Gto., Mexico","Dolores Hidalgo, Guanajuato, Mexico","La Morera, 37800 Dolores Hidalgo Cuna de la Independencia Nacional, Gto., Mexico"
160,2190502007,25.195717000000002,-99.834983,"Av. Libertad 435, Del Maestro, 67510 Montemorelos, N.L., Mexico","Del Maestro, 67510 Montemorelos, N.L., Mexico","Montemorelos, Nuevo Leon, Mexico","Del Maestro, 67510 Montemorelos, N.L., Mexico"
161,2240302002,23.670084,-100.631715,"Av. de las Americas 101, La Finca, 78717 Matehuala, S.L.P., Mexico","Matehuala, San Luis Potosi, Mexico","Matehuala, S.L.P., Mexico","San Luis Potosi, Mexico"
162,2240302003,22.422523,-100.290573,"Cerritos-villa Juárez, Los Pinos, Cerritos, S.L.P., Mexico","Sta Cruz, Cerritos, S.L.P., Mexico","Cerritos, San Luis Potosi, Mexico","Cerritos, S.L.P., Mexico"
163,2240302004,21.811425,-100.729073,"Lateral Acceso Carretera 57 44, Lindavista, 79560 Santa María del Río, S.L.P., Mexico","Lindavista, 79560 Santa María del Río, S.L.P., Mexico","Santa Maria del Rio, San Luis Potosi, Mexico","Loma Bonita, 79560 Santa María del Río, S.L.P., Mexico"
164,2240302007,22.607609,-101.71669399999999,"Progreso 24, San José, 78624 Salinas de Hidalgo, S.L.P., Mexico","Salinas de Hidalgo, San Luis Potosi, Mexico","Ncp la Paz, 78600 Salinas de Hidalgo, S.L.P., Mexico","Salinas, S.L.P., Mexico"
165,2240302008,21.628603,-101.470399,"Unnamed Road, Guanajuato, Mexico","Ocampo, Gto., Mexico","Guanajuato, Mexico",Mexico
166,2240302012,21.922792,-99.986897,"Cdad. Valles - Rioverde, Zona Centro, 79610 Rioverde, S.L.P., Mexico","Rioverde, San Luis Potosi, Mexico","Sin Nombre, 79610 Rioverde, S.L.P., Mexico","Rioverde, S.L.P., Mexico"
167,2240302013,21.993543,-99.64705500000001,"16 de Septiembre 37, San Isidro, 79385 Cárdenas, S.L.P., Mexico","San Isidro, Cárdenas, S.L.P., Mexico","Cárdenas, San Luis Potosi, Mexico","San Isidro, 79385 Cárdenas, S.L.P., Mexico"
168,2240302017,21.604973,-98.677769,"Independencia 110, Progreso, 79840 Tanquián de Escobedo, S.L.P., Mexico","Progreso, 79840 Tanquián de Escobedo, S.L.P., Mexico","79840 Tanquián de Escobedo, San Luis Potosi, Mexico","79840 Tanquián de Escobedo, San Luis Potosi, Mexico"
169,2240302018,21.34935,-98.832686,"Matlapa-Ciudad Valles 65, Alfred M. Terrazas, S.L.P., Mexico","Matlapa, S.L.P., Mexico","San Luis Potosi, Mexico",Mexico
170,2240302020,22.916054000000003,-100.46973,"Matehuala - San Luis Potosí, Los Amoles, S.L.P., Mexico","Guadalcázar, S.L.P., Mexico","San Luis Potosi, Mexico",Mexico
171,2320403002,23.283835,-102.33980799999999,"Hacienda de Bermúdez 58, Las Haciendas, Villa de Cos, Zac., Mexico","Villa de Cos, Zac., Mexico","Villa de Cos, Zacatecas, Mexico","Zacatecas, Mexico"
172,2320403005,22.580146,-102.24413299999999,"México 45 89, San Miguel, 98700 Ojocaliente, Zac., Mexico","San Miguel, Ojocaliente, Zac., Mexico","Ojocaliente, Zacatecas, Mexico","El Papanton, 98700 Ojocaliente, Zac., Mexico"
173,2320403009,22.111508999999998,-103.26190799999999,"Michoacán 45, Lomas de Oriente, 46205 Colotlán, Jal., Mexico","Lomas de Oriente, 46205 Colotlán, Jal., Mexico","Colotlán, Jalisco, Mexico","Lomas de Oriente, 46205 Colotlán, Jal., Mexico"
174,2320403014,24.283557000000002,-103.40493599999999,"Carr. Panamericana 125, Conasupo, El Mezquital, 98300 Juan Aldama, Zac., Mexico","Conasupo, 98300 Juan Aldama, Zac., Mexico","Barrio de la Loma, 98300 Zac., Mexico","Miguel Auza, Zac., Mexico"
175,2320403018,22.628119,-103.893783,"Calle Morelos, Huejuquilla el Alto, Jal., Mexico","Huejuquilla El Alto, Jalisco, Mexico","Huejuquilla el Alto, Jal., Mexico","Jalisco, Mexico"
176,2280202034,23.7266829,-99.1614906,"Las Palmas 201, Siete de Noviembre, 87070 Cd Victoria, Tamps., Mexico","Siete de Noviembre, 87070 Cd Victoria, Tamps., Mexico","Ciudad Victoria, Tamaulipas, Mexico","Siete de Noviembre, 87070 Cd Victoria, Tamps., Mexico"
177,2110102009,20.636308,-101.68008,"Manuel Doblado - Cueramaro 857, Sin Nombre, Cuerámaro, Gto., Mexico","Cuerámaro, Gto., Mexico","Guanajuato, Mexico",Mexico
178,2160502013,19.061956,-102.327972,"22 de Octubre 95, El Tamarindo, 60696 Apatzingán de la Constitución, Mich., Mexico","El Tamarindo, Apatzingán de la Constitución, Mich., Mexico","Apatzingán, Michoacán, Mexico","Apatzingán, 60696 Apatzingán de la Constitución, Mich., Mexico"
179,2060102003,30.431016999999997,-107.913798,"Lerdo 2801, Centro, 31700 Nuevo Casas Grandes, Chih., Mexico","Centro, 31700 Nuevo Casas Grandes, Chih., Mexico","Nuevo Casas Grandes Municipality, Chihuahua, Mexico","Centro, 31700 Nuevo Casas Grandes, Chih., Mexico"
180,2260502001,31.292299,-110.916228,"Diagonal Sexta 58, Solidaridad, 84090 Nogales, Son., Mexico","Solidaridad, Nogales, Son., Mexico","Nogales, Sonora, Mexico","Solidaridad, 84090 Nogales, Son., Mexico"
181,2090102006,19.6344064,-99.1167987,"Ex-hda San Antonio, Ex Hacienda San Felipe 2, 55700 San Francisco Coacalco, Méx., Mexico","Ex Hacienda San Felipe, Av José López Portillo 178, Coacalco, 55700 San Francisco Coacalco, Méx., Mexico","Ex Hacienda San Felipe 2, 55700 San Francisco Coacalco, Méx., Mexico","Coacalco, State of Mexico, Mexico"
182,3330830000,25.769510999999998,-100.190655,"Av. Miguel Alemán, Kalos, Cd Apodaca, N.L., Mexico","Sin Nombre de Col 26, Cd Apodaca, N.L., Mexico","Sin Nombre de Col 26, Cd Apodaca, N.L., Mexico","Ciudad Apodaca, Nuevo Leon, Mexico"
183,2160502011,19.435081,-100.323904,"México 15, Zitácuaro, Mich., Mexico","1ro. de Mayo, 61509 Zitácuaro, Mich., Mexico","Zitácuaro, Mich., Mexico","Michoacán, Mexico"
184,2170102001,18.502670000000002,-98.757091,"Av. Zaragoza 58, Vista Hermosa, 62950 Axochiapan, Mor., Mexico","Vista Hermosa, 62950 Axochiapan, Mor., Mexico","Axochiapan, Morelos, Mexico","Las Ardillas, 62950 Axochiapan, Mor., Mexico"
185,2190502003,25.59253,-100.00178199999999,"Zaragoza 107, Sin Nombre de Col 1, 67450 Cadereyta Jiménez, N.L., Mexico","Sin Nombre de Col 1, Cadereyta Jiménez, N.L., Mexico","Cadereyta Jiménez, Nuevo Leon, Mexico","Emiliano Zapata 2do Sector, 67450 Cadereyta Jiménez, N.L., Mexico"
186,2140203002,20.663169,-103.38017059999999,"Calle El Sol 2489, Jardines del Bosque, 44520 Guadalajara, Jal., Mexico","Jardines del Bosque, 44520 Guadalajara, Jal., Mexico","Guadalajara, Jalisco, Mexico","Jardines del Bosque, 44520 Guadalajara, Jal., Mexico"
187,2140203004,23.2037866,-106.41359609999999,"Av Gabriel Leyva 1620, Centro, 82000 Mazatlán, Sin., Mexico","Centro, Mazatlán, Sin., Mexico","Mazatlan, Sinaloa, Mexico","Cerro del Vigía, 82000 Mazatlán, Sin., Mexico"
188,2180402008,26.509232,-100.175128,"Simon Bolívar 405, Centro de Sabinas Hidalgo, 65200 Sabinas Hidalgo, N.L., Mexico","Centro de Sabinas Hidalgo, 65200 Sabinas Hidalgo, N.L., Mexico","Sabinas Hidalgo, Nuevo Leon, Mexico","Santa Cruz, 65200 Sabinas Hidalgo, N.L., Mexico"
